asset_1,asset_2,relationship,diversification_score,insight
BTC,ETH,Strong Positive Correlation,0.16492430614869735,BTC and ETH move very similarly. Holding both may reduce diversification benefits.
BNB,ETH,Strong Positive Correlation,0.27177094216700337,BNB and ETH move very similarly. Holding both may reduce diversification benefits.
ETH,XRP,Strong Positive Correlation,0.2735811319766268,ETH and XRP move very similarly. Holding both may reduce diversification benefits.
MSFT,SPY,Strong Positive Correlation,0.2763047656800788,MSFT and SPY move very similarly. Holding both may reduce diversification benefits.
BNB,BTC,Strong Positive Correlation,0.2991129217161088,BNB and BTC move very similarly. Holding both may reduce diversification benefits.
ETH,SOL,Moderate Positive Correlation,0.30129674200329315,ETH and SOL show moderate co-movement.
BTC,XRP,Moderate Positive Correlation,0.30647382543134805,BTC and XRP show moderate co-movement.
GOOGL,SPY,Moderate Positive Correlation,0.31390239922093977,GOOGL and SPY show moderate co-movement.
AAPL,SPY,Moderate Positive Correlation,0.3216478874702048,AAPL and SPY show moderate co-movement.
BTC,SOL,Moderate Positive Correlation,0.33774718010961036,BTC and SOL show moderate co-movement.
NVDA,SPY,Moderate Positive Correlation,0.34770862939747615,NVDA and SPY show moderate co-movement.
AMZN,SPY,Moderate Positive Correlation,0.34789611953712396,AMZN and SPY show moderate co-movement.
SPY,V,Moderate Positive Correlation,0.3584251024791054,SPY and V show moderate co-movement.
AMZN,MSFT,Moderate Positive Correlation,0.3611533351999924,AMZN and MSFT show moderate co-movement.
GOOGL,MSFT,Moderate Positive Correlation,0.37129953663173476,GOOGL and MSFT show moderate co-movement.
BNB,SOL,Moderate Positive Correlation,0.37553740325099216,BNB and SOL show moderate co-movement.
BNB,XRP,Moderate Positive Correlation,0.38755988334007796,BNB and XRP show moderate co-movement.
AMZN,GOOGL,Moderate Positive Correlation,0.39129157839086026,AMZN and GOOGL show moderate co-movement.
META,SPY,Moderate Positive Correlation,0.3951236321403978,META and SPY show moderate co-movement.
SOL,XRP,Moderate Positive Correlation,0.3987405945621675,SOL and XRP show moderate co-movement.
JPM,SPY,Moderate Positive Correlation,0.39993775672327525,JPM and SPY show moderate co-movement.
AMZN,META,Moderate Positive Correlation,0.4079085482592161,AMZN and META show moderate co-movement.
MSFT,NVDA,Moderate Positive Correlation,0.4108847241689685,MSFT and NVDA show moderate co-movement.
GOOGL,META,Moderate Positive Correlation,0.41454450360376005,GOOGL and META show moderate co-movement.
AAPL,MSFT,Moderate Positive Correlation,0.4192003450775068,AAPL and MSFT show moderate co-movement.
META,MSFT,Moderate Positive Correlation,0.43353682455529186,META and MSFT show moderate co-movement.
AAPL,GOOGL,Moderate Positive Correlation,0.4500166668703952,AAPL and GOOGL show moderate co-movement.
AMZN,NVDA,Moderate Positive Correlation,0.4648509379978599,AMZN and NVDA show moderate co-movement.
AAPL,AMZN,Moderate Positive Correlation,0.4711036011550782,AAPL and AMZN show moderate co-movement.
GOOGL,NVDA,Moderate Positive Correlation,0.4843918685616089,GOOGL and NVDA show moderate co-movement.
MSFT,V,Moderate Positive Correlation,0.49852318979063415,MSFT and V show moderate co-movement.
AAPL,NVDA,Moderate Positive Correlation,0.5056397461555651,AAPL and NVDA show moderate co-movement.
META,NVDA,Moderate Positive Correlation,0.5066013531637348,META and NVDA show moderate co-movement.
SPY,TSLA,Moderate Positive Correlation,0.5157083931342448,SPY and TSLA show moderate co-movement.
AAPL,META,Moderate Positive Correlation,0.5299118348845442,AAPL and META show moderate co-movement.
AAPL,V,Moderate Positive Correlation,0.5519283456735523,AAPL and V show moderate co-movement.
GOOGL,V,Moderate Positive Correlation,0.5531095713109841,GOOGL and V show moderate co-movement.
JPM,V,Moderate Positive Correlation,0.5539671942469504,JPM and V show moderate co-movement.
AMZN,V,Moderate Positive Correlation,0.581383031579771,AMZN and V show moderate co-movement.
NVDA,TSLA,Moderate Positive Correlation,0.5836595984725385,NVDA and TSLA show moderate co-movement.
META,V,Weak Correlation,0.6010570262282664,META and V show weak relationship.
AAPL,TSLA,Weak Correlation,0.6036163861904351,AAPL and TSLA show weak relationship.
AMZN,TSLA,Weak Correlation,0.6162454774802404,AMZN and TSLA show weak relationship.
MSFT,TSLA,Weak Correlation,0.6271498171537281,MSFT and TSLA show weak relationship.
GOOGL,TSLA,Weak Correlation,0.629030170591135,GOOGL and TSLA show weak relationship.
NVDA,V,Weak Correlation,0.6315537776034775,NVDA and V show weak relationship.
META,TSLA,Weak Correlation,0.6617174170455171,META and TSLA show weak relationship.
GOOGL,JPM,Weak Correlation,0.6753541439161199,GOOGL and JPM show weak relationship.
AAPL,JPM,Weak Correlation,0.6854750530739959,AAPL and JPM show weak relationship.
JPM,NVDA,Weak Correlation,0.6975402869607054,JPM and NVDA show weak relationship.
JPM,MSFT,Weak Correlation,0.7014522404921277,JPM and MSFT show weak relationship.
SOL,SPY,Weak Correlation,0.702191545544971,SOL and SPY show weak relationship.
TSLA,V,Weak Correlation,0.7058783132207321,TSLA and V show weak relationship.
AMZN,JPM,Weak Correlation,0.723269394965661,AMZN and JPM show weak relationship.
JPM,META,Weak Correlation,0.7309168797547141,JPM and META show weak relationship.
ETH,SPY,Weak Correlation,0.7335421773138899,ETH and SPY show weak relationship.
JPM,TSLA,Weak Correlation,0.7414349709519354,JPM and TSLA show weak relationship.
BTC,SPY,Weak Correlation,0.744082158349289,BTC and SPY show weak relationship.
SOL,TSLA,Weak Correlation,0.7618782889730895,SOL and TSLA show weak relationship.
SPY,XRP,Weak Correlation,0.7670365062178641,SPY and XRP show weak relationship.
NVDA,SOL,Weak Correlation,0.7694567655254069,NVDA and SOL show weak relationship.
GOOGL,SOL,Weak Correlation,0.772638164145899,GOOGL and SOL show weak relationship.
BNB,SPY,Weak Correlation,0.7805350966127935,BNB and SPY show weak relationship.
MSFT,SOL,Weak Correlation,0.7828662740595974,MSFT and SOL show weak relationship.
AMZN,SOL,Weak Correlation,0.7839620317440097,AMZN and SOL show weak relationship.
ETH,NVDA,Weak Correlation,0.7856327877389875,ETH and NVDA show weak relationship.
ETH,GOOGL,Weak Correlation,0.791324220933666,ETH and GOOGL show weak relationship.
BTC,NVDA,Weak Correlation,0.7932492130568463,BTC and NVDA show weak relationship.
ETH,MSFT,Weak Correlation,0.7950642015699476,ETH and MSFT show weak relationship.
BTC,TSLA,Weak Correlation,0.7970377060662674,BTC and TSLA show weak relationship.
META,SOL,Weak Correlation,0.8028378616939114,META and SOL show weak relationship.
BTC,MSFT,Weak Correlation,0.8032171122470485,BTC and MSFT show weak relationship.
BTC,GOOGL,Weak Correlation,0.8046087739085821,BTC and GOOGL show weak relationship.
ETH,TSLA,Weak Correlation,0.8101847540862298,ETH and TSLA show weak relationship.
AMZN,BTC,Weak Correlation,0.8123118561085433,AMZN and BTC show weak relationship.
TSLA,XRP,Weak Correlation,0.8153950707926063,TSLA and XRP show weak relationship.
JPM,SOL,Weak Correlation,0.8156156440695552,JPM and SOL show weak relationship.
AAPL,SOL,Weak Correlation,0.8163656211152,AAPL and SOL show weak relationship.
AMZN,ETH,Weak Correlation,0.8171947327628629,AMZN and ETH show weak relationship.
MSFT,XRP,Weak Correlation,0.8212014186202365,MSFT and XRP show weak relationship.
SOL,V,Weak Correlation,0.8223372866400651,SOL and V show weak relationship.
ETH,META,Weak Correlation,0.823971816296776,ETH and META show weak relationship.
BTC,META,Weak Correlation,0.8250085680801078,BTC and META show weak relationship.
AAPL,ETH,Weak Correlation,0.8262954680164196,AAPL and ETH show weak relationship.
ETH,V,Weak Correlation,0.8299766791902965,ETH and V show weak relationship.
BNB,NVDA,Weak Correlation,0.8307035103848087,BNB and NVDA show weak relationship.
BNB,META,Weak Correlation,0.8320918154795076,BNB and META show weak relationship.
GOOGL,XRP,Weak Correlation,0.8327294832662216,GOOGL and XRP show weak relationship.
BNB,TSLA,Weak Correlation,0.8328629449495764,BNB and TSLA show weak relationship.
NVDA,XRP,Weak Correlation,0.8332109160751605,NVDA and XRP show weak relationship.
ETH,JPM,Weak Correlation,0.8338475594111813,ETH and JPM show weak relationship.
AAPL,BTC,Weak Correlation,0.8360988721385446,AAPL and BTC show weak relationship.
BNB,MSFT,Weak Correlation,0.839200751551914,BNB and MSFT show weak relationship.
AAPL,XRP,Weak Correlation,0.8399850174192509,AAPL and XRP show weak relationship.
AMZN,XRP,Weak Correlation,0.8431570718335322,AMZN and XRP show weak relationship.
BTC,V,Weak Correlation,0.8437193643278461,BTC and V show weak relationship.
BNB,GOOGL,Weak Correlation,0.8439818918327069,BNB and GOOGL show weak relationship.
BTC,JPM,Weak Correlation,0.8442475966818048,BTC and JPM show weak relationship.
JPM,XRP,Weak Correlation,0.8449975949066133,JPM and XRP show weak relationship.
AMZN,BNB,Weak Correlation,0.8466164304918079,AMZN and BNB show weak relationship.
AAPL,BNB,Weak Correlation,0.8546645179167492,AAPL and BNB show weak relationship.
META,XRP,Weak Correlation,0.8561947451921227,META and XRP show weak relationship.
BNB,JPM,Weak Correlation,0.856939519548376,BNB and JPM show weak relationship.
BNB,V,Weak Correlation,0.8627285914709911,BNB and V show weak relationship.
V,XRP,Weak Correlation,0.8673597277441166,V and XRP show weak relationship.
